{
  "enableGloves": false,
  "slownessLevel": 2,
  "hungerExhaustion": 0.05,
  "keepCarryingOnDeath": false,
  "type": "WHITELIST",
  "list": [
    "minecraft:bat",
    "minecraft:cat",
    "minecraft:chicken",
    "minecraft:cod",
    "minecraft:cow",
    "minecraft:dolphin",
    "minecraft:donkey",
    "minecraft:fox",
    "minecraft:horse",
    "minecraft:mooshroom",
    "minecraft:mule",
    "minecraft:ocelot",
    "minecraft:panda",
    "minecraft:parrot",
    "minecraft:pig",
    "minecraft:pufferfish",
    "minecraft:rabbit",
    "minecraft:salmon",
    "minecraft:sheep",
    "minecraft:skeleton_horse",
    "minecraft:squid",
    "minecraft:strider",
    "minecraft:tropical_fish",
    "minecraft:turtle",
    "minecraft:villager",
    "minecraft:wandering_trader",
    "minecraft:wolf",
    "minecraft:barrel",
    "minecraft:beehive",
    "minecraft:bell",
    "minecraft:blast_furnace",
    "minecraft:brewing_stand",
    "minecraft:campfire",
    "minecraft:chest",
    "minecraft:comparator",
    "minecraft:daylight_detector",
    "minecraft:dispenser",
    "minecraft:dropper",
    "minecraft:enchanting_table",
    "minecraft:ender_chest",
    "minecraft:furnace",
    "minecraft:hopper",
    "minecraft:jukebox",
    "minecraft:lectern",
    "minecraft:note_block",
    "minecraft:shulker_box",
    "minecraft:smoker"
  ]
}