{
  "performVersionCheck": true,
  "origins": {
    "digs_dnd_origins:dragonborn/green": {
      "enabled": true,
      "digs_dnd_origins:dragonborn/green/ability_score_increase": true,
      "digs_dnd_origins:dragonborn/green/size": true,
      "digs_dnd_origins:dragonborn/green/breath_weapon": true,
      "digs_dnd_origins:dragonborn/green/damage_resistance": true,
      "digs_dnd_origins:dragonborn/green/humid_habitat": true,
      "digs_dnd_origins:dragonborn/green/scales": true,
      "origins:more_exhaustion": true
    },
    "digs_dnd_origins:variant_human/feats/skilled": {
      "enabled": true,
      "digs_dnd_origins:variant_human/feats/skilled": true
    },
    "legendary_origins:race/dwarf": {
      "enabled": true,
      "legendary_origins:race/dwarf/starting_equipment": true,
      "legendary_origins:race/dwarf/pickaxe": true,
      "legendary_origins:race/dwarf/break_speed": true,
      "legendary_origins:global/night_vision": true,
      "legendary_origins:race/dwarf/fire_resistance": true,
      "legendary_origins:race/dwarf/luck": true,
      "legendary_origins:race/dwarf/size": true
    },
    "digs_dnd_origins:variant_human/feats/sentinel": {
      "enabled": true,
      "digs_dnd_origins:variant_human/feats/sentinel": true
    },
    "legendary_origins:class/hunter": {
      "enabled": true,
      "legendary_origins:class/hunter/starting_equippment": true,
      "legendary_origins:class/hunter/quiver": true,
      "legendary_origins:class/hunter/detection": true,
      "legendary_origins:class/hunter/detection_plus": true,
      "legendary_origins:class/hunter/loots": true,
      "legendary_origins:class/hunter/table": true,
      "legendary_origins:class/hunter/recipes": true,
      "legendary_origins:class/hunter/damage_plus": true,
      "legendary_origins:class/hunter/damage": true,
      "legendary_origins:class/hunter/shots/corrupted_shot": true,
      "legendary_origins:class/hunter/shots/explosive_shot": true,
      "legendary_origins:class/hunter/shots/healing_shot": true,
      "legendary_origins:class/hunter/shots/infernal_shot": true,
      "legendary_origins:class/hunter/shots/levitation_shot": true,
      "legendary_origins:class/hunter/shots/lightning_shot": true,
      "legendary_origins:class/hunter/shots/paralyzing_shot": true,
      "legendary_origins:class/hunter/shots/perforation_shot": true,
      "legendary_origins:class/hunter/shots/poisonous_shot": true,
      "legendary_origins:class/hunter/shots/teleport_shot": true
    },
    "origins:elytrian": {
      "enabled": true,
      "origins:elytra": true,
      "origins:launch_into_air": true,
      "origins:aerial_combatant": true,
      "origins:light_armor": true,
      "origins:claustrophobia": true,
      "origins:more_kinetic_damage": true
    },
    "digs_dnd_origins:variant_human/feats/charger": {
      "enabled": true,
      "digs_dnd_origins:variant_human/feats/charger": true
    },
    "digs_dnd_origins:variant_human/feats/moderately_armored": {
      "enabled": true,
      "digs_dnd_origins:variant_human/feats/moderately_armored": true
    },
    "digs_dnd_origins:elf/high": {
      "enabled": true,
      "digs_dnd_origins:elf/high/ability_score_increase": true,
      "digs_dnd_origins:elf/high/size": true,
      "digs_dnd_origins:elf/high/darkvision": true,
      "digs_dnd_origins:elf/high/trance": true,
      "digs_dnd_origins:elf/high/elf_weapon_training": true,
      "digs_dnd_origins:elf/high/cantrip": true
    },
    "digs_dnd_origins:gnome/rock": {
      "enabled": true,
      "digs_dnd_origins:gnome/rock/size": true,
      "digs_dnd_origins:gnome/rock/speed": true,
      "digs_dnd_origins:gnome/rock/darkvision": true,
      "digs_dnd_origins:gnome/rock/tinker": true
    },
    "origins:blazeborn": {
      "enabled": true,
      "origins:fire_immunity": true,
      "origins:nether_spawn": true,
      "origins:burning_wrath": true,
      "origins:hotblooded": true,
      "origins:water_vulnerability": true,
      "origins:flame_particles": true,
      "origins:damage_from_snowballs": true,
      "origins:damage_from_potions": true
    },
    "legendary_origins:class/dark_battlemage": {
      "enabled": true,
      "legendary_origins:class/dark_battlemage/unnoticed": true,
      "legendary_origins:class/dark_battlemage/daggers": true,
      "legendary_origins:class/dark_battlemage/speed": true,
      "legendary_origins:class/dark_battlemage/corrupted_shot": true,
      "legendary_origins:class/dark_battlemage/dark_prison": true,
      "legendary_origins:class/dark_battlemage/toggle": true
    },
    "digs_dnd_origins:dragonborn/brass": {
      "enabled": true,
      "digs_dnd_origins:dragonborn/brass/ability_score_increase": true,
      "digs_dnd_origins:dragonborn/brass/size": true,
      "digs_dnd_origins:dragonborn/brass/breath_weapon": true,
      "digs_dnd_origins:dragonborn/brass/damage_resistance": true,
      "digs_dnd_origins:dragonborn/brass/arid_habitat": true,
      "digs_dnd_origins:dragonborn/brass/scales": true,
      "origins:more_exhaustion": true
    },
    "digs_dnd_origins:half-elf/skills/nature": {
      "enabled": true,
      "digs_dnd_origins:half-elf/skills/nature": true
    },
    "digs_dnd_origins:half-elf/skills/arcana": {
      "enabled": true,
      "digs_dnd_origins:half-elf/skills/arcana": true
    },
    "legendary_origins:class/adventurer": {
      "enabled": true,
      "legendary_origins:class/adventurer/starting_equipment": true,
      "legendary_origins:class/adventurer/backpack": true,
      "legendary_origins:class/adventurer/pocket": true,
      "legendary_origins:class/adventurer/climb": true,
      "legendary_origins:class/adventurer/campfire": true
    },
    "digs_dnd_origins:half-elf/skills/stealth": {
      "enabled": true,
      "digs_dnd_origins:half-elf/skills/stealth": true
    },
    "legendary_origins:race/elf": {
      "enabled": true,
      "legendary_origins:global/villager_help": true,
      "legendary_origins:race/elf/climb": true,
      "legendary_origins:race/elf/fall_damage": true,
      "legendary_origins:race/elf/invisible": true,
      "legendary_origins:race/elf/jump": true,
      "legendary_origins:race/elf/phasing_leaves": true,
      "legendary_origins:global/night_vision": true,
      "legendary_origins:race/elf/speed": true,
      "legendary_origins:race/elf/poison_resistance": true
    },
    "digs_dnd_origins:half-elf/skills/athletics": {
      "enabled": true,
      "digs_dnd_origins:half-elf/skills/athletics": true
    },
    "digs_dnd_origins:dragonborn/red": {
      "enabled": true,
      "digs_dnd_origins:dragonborn/red/ability_score_increase": true,
      "digs_dnd_origins:dragonborn/red/size": true,
      "digs_dnd_origins:dragonborn/red/breath_weapon": true,
      "digs_dnd_origins:dragonborn/red/damage_resistance": true,
      "digs_dnd_origins:dragonborn/red/molten_habitat": true,
      "digs_dnd_origins:dragonborn/red/scales": true,
      "origins:more_exhaustion": true
    },
    "digs_dnd_origins:dwarf": {
      "enabled": true,
      "digs_dnd_origins:dwarf/description_hill": true,
      "digs_dnd_origins:dwarf/description_mountain": true
    },
    "digs_dnd_origins:elf/cantrips/lightning_lure": {
      "enabled": true,
      "digs_dnd_origins:elf/high/cantrips/lightning_lure": true
    },
    "digs_dnd_origins:dragonborn": {
      "enabled": true,
      "digs_dnd_origins:dragonborn/description_black": true,
      "digs_dnd_origins:dragonborn/description_blue": true,
      "digs_dnd_origins:dragonborn/description_brass": true,
      "digs_dnd_origins:dragonborn/description_green": true,
      "digs_dnd_origins:dragonborn/description_red": true,
      "digs_dnd_origins:dragonborn/description_white": true
    },
    "digs_dnd_origins:elf": {
      "enabled": true,
      "digs_dnd_origins:elf/description_high": true,
      "digs_dnd_origins:elf/description_wood": true,
      "digs_dnd_origins:elf/description_dark": true
    },
    "digs_dnd_origins:gnome/forest": {
      "enabled": true,
      "digs_dnd_origins:gnome/forest/size": true,
      "digs_dnd_origins:gnome/forest/speed": true,
      "digs_dnd_origins:gnome/forest/darkvision": true,
      "digs_dnd_origins:gnome/forest/speak_with_small_beasts": true
    },
    "digs_dnd_origins:half-elf/skills/medicine": {
      "enabled": true,
      "digs_dnd_origins:half-elf/skills/medicine": true
    },
    "digs_dnd_origins:half-elf/skills/animal_handling": {
      "enabled": true,
      "digs_dnd_origins:half-elf/skills/animal_handling": true
    },
    "digs_dnd_origins:half-elf": {
      "enabled": true,
      "digs_dnd_origins:half-elf/ability_score_increase": true,
      "digs_dnd_origins:half-elf/size": true,
      "digs_dnd_origins:half-elf/darkvision": true,
      "digs_dnd_origins:half-elf/skill_versatility": true
    },
    "legendary_origins:class/dark_knight": {
      "enabled": true,
      "legendary_origins:class/dark_knight/corrupted_slash": true,
      "legendary_origins:class/dark_knight/sonic_slash": true,
      "legendary_origins:class/dark_knight/speed_boost": true,
      "legendary_origins:class/dark_knight/cursed_fire": true
    },
    "digs_dnd_origins:elf/dark": {
      "enabled": true,
      "digs_dnd_origins:elf/dark/ability_score_increase": true,
      "digs_dnd_origins:elf/dark/size": true,
      "digs_dnd_origins:elf/dark/superior_darkvision": true,
      "digs_dnd_origins:elf/dark/trance": true,
      "digs_dnd_origins:elf/dark/sunlight_sensitivity": true,
      "digs_dnd_origins:elf/dark/drow_magic": true,
      "digs_dnd_origins:elf/dark/faerie_fire": true,
      "digs_dnd_origins:elf/dark/darkness": true,
      "digs_dnd_origins:elf/dark/drow_weapon_training": true
    },
    "legendary_origins:welcome": {
      "enabled": true,
      "legendary_origins:global/angry_villager": true,
      "legendary_origins:global/energy": true,
      "legendary_origins:global/extra_food": true,
      "legendary_origins:global/jump_fences": true,
      "legendary_origins:global/no_trade": true,
      "legendary_origins:global/villager_help": true,
      "legendary_origins:global/ender_dragon_loot": true
    },
    "digs_dnd_origins:variant_human": {
      "enabled": true,
      "digs_dnd_origins:variant_human/skills": true,
      "digs_dnd_origins:variant_human/feat": true
    },
    "legendary_origins:profession/blacksmithing": {
      "enabled": true,
      "legendary_origins:profession/blacksmithing/chainmail": true,
      "legendary_origins:profession/blacksmithing/iron": true,
      "legendary_origins:profession/blacksmithing/leather": true,
      "legendary_origins:profession/blacksmithing/gold": true,
      "legendary_origins:profession/blacksmithing/diamond": true,
      "legendary_origins:profession/blacksmithing/templates": true
    },
    "origins:enderian": {
      "enabled": true,
      "origins:throw_ender_pearl": true,
      "origins:water_vulnerability": true,
      "origins:pumpkin_hate": true,
      "origins:extra_reach": true,
      "origins:ender_particles": true,
      "origins:damage_from_potions": true
    },
    "legendary_origins:profession/exploration": {
      "enabled": true,
      "legendary_origins:profession/exploration/resource": true,
      "legendary_origins:profession/exploration/rookie": true,
      "legendary_origins:profession/exploration/skilled": true,
      "legendary_origins:profession/exploration/expert": true,
      "legendary_origins:profession/exploration/master": true,
      "legendary_origins:profession/exploration/elite": true,
      "legendary_origins:profession/exploration/epic": true,
      "legendary_origins:profession/exploration/legendary": true,
      "legendary_origins:profession/exploration/timer": true
    },
    "legendary_origins:class/rogue": {
      "enabled": true,
      "legendary_origins:global/invisibility": true,
      "legendary_origins:class/rogue/climb": true,
      "legendary_origins:class/rogue/double_jump": true,
      "legendary_origins:class/rogue/invisible": true,
      "legendary_origins:class/rogue/backstab": true,
      "legendary_origins:class/rogue/daggers": true,
      "legendary_origins:class/rogue/steal": true,
      "legendary_origins:class/rogue/unnoticed": true,
      "legendary_origins:global/night_vision": true,
      "legendary_origins:class/rogue/jump": true,
      "legendary_origins:class/rogue/fall_damage": true,
      "legendary_origins:class/rogue/fall_ignored": true,
      "legendary_origins:class/rogue/speed": true,
      "legendary_origins:class/rogue/crossbow": true,
      "legendary_origins:class/rogue/shots": true,
      "legendary_origins:class/rogue/immune": true,
      "legendary_origins:class/rogue/poison": true,
      "legendary_origins:class/rogue/ender_chest": true
    },
    "origins:feline": {
      "enabled": true,
      "origins:fall_immunity": true,
      "origins:sprint_jump": true,
      "origins:velvet_paws": true,
      "origins:nine_lives": true,
      "origins:weak_arms": true,
      "origins:scare_creepers": true,
      "origins:cat_vision": true
    },
    "legendary_origins:profession/mining": {
      "enabled": true,
      "legendary_origins:profession/mining/break_speed": true,
      "legendary_origins:profession/mining/loot": true,
      "legendary_origins:profession/mining/vision": true
    },
    "digs_dnd_origins:dwarf/mountain": {
      "enabled": true,
      "digs_dnd_origins:dwarf/mountain/size": true,
      "digs_dnd_origins:dwarf/mountain/speed": true,
      "digs_dnd_origins:dwarf/mountain/darkvision": true,
      "digs_dnd_origins:dwarf/mountain/dwarven_resilience": true,
      "digs_dnd_origins:dwarf/mountain/dwarven_combat_training": true,
      "digs_dnd_origins:dwarf/mountain/dwarven_armor_training": true,
      "digs_dnd_origins:dwarf/hill/tool_proficiency": true
    },
    "digs_dnd_origins:halfling/lightfoot": {
      "enabled": true,
      "digs_dnd_origins:halfling/lightfoot/size": true,
      "digs_dnd_origins:halfling/lightfoot/speed": true,
      "digs_dnd_origins:halfling/lightfoot/lucky": true,
      "digs_dnd_origins:halfling/lightfoot/halfling_nimbleness": true,
      "digs_dnd_origins:halfling/lightfoot/naturally_stealthy": true
    },
    "digs_dnd_origins:dragonborn/white": {
      "enabled": true,
      "digs_dnd_origins:dragonborn/white/ability_score_increase": true,
      "digs_dnd_origins:dragonborn/white/size": true,
      "digs_dnd_origins:dragonborn/white/breath_weapon": true,
      "digs_dnd_origins:dragonborn/white/damage_resistance": true,
      "digs_dnd_origins:dragonborn/white/arctic_habitat": true,
      "digs_dnd_origins:dragonborn/white/scales": true,
      "origins:more_exhaustion": true
    },
    "origins:phantom": {
      "enabled": true,
      "origins:phantomize": true,
      "origins:translucent": true,
      "origins:phasing": true,
      "origins:invisibility": true,
      "origins:burn_in_daylight": true,
      "origins:hunger_over_time": true,
      "origins:fragile": true,
      "origins:phantomize_overlay": true
    },
    "legendary_origins:profession/enchanting": {
      "enabled": true,
      "legendary_origins:profession/enchanting/knowledge": true,
      "legendary_origins:profession/enchanting/state": true,
      "legendary_origins:profession/enchanting/warning": true,
      "legendary_origins:profession/enchanting/transmute/blast_protection": true,
      "legendary_origins:profession/enchanting/transmute/depth_strider": true,
      "legendary_origins:profession/enchanting/transmute/efficiency": true,
      "legendary_origins:profession/enchanting/transmute/feather_falling": true,
      "legendary_origins:profession/enchanting/transmute/fire_aspect": true,
      "legendary_origins:profession/enchanting/transmute/fire_protection": true,
      "legendary_origins:profession/enchanting/transmute/fortune": true,
      "legendary_origins:profession/enchanting/transmute/frost_walker": true,
      "legendary_origins:profession/enchanting/transmute/impaling": true,
      "legendary_origins:profession/enchanting/transmute/knockback": true,
      "legendary_origins:profession/enchanting/transmute/looting": true,
      "legendary_origins:profession/enchanting/transmute/loyalty": true,
      "legendary_origins:profession/enchanting/transmute/luck_of_the_sea": true,
      "legendary_origins:profession/enchanting/transmute/lure": true,
      "legendary_origins:profession/enchanting/transmute/piercing": true,
      "legendary_origins:profession/enchanting/transmute/power": true,
      "legendary_origins:profession/enchanting/transmute/projectile_protection": true,
      "legendary_origins:profession/enchanting/transmute/protection": true,
      "legendary_origins:profession/enchanting/transmute/punch": true,
      "legendary_origins:profession/enchanting/transmute/quick_charge": true,
      "legendary_origins:profession/enchanting/transmute/respiration": true,
      "legendary_origins:profession/enchanting/transmute/riptide": true,
      "legendary_origins:profession/enchanting/transmute/sharpness": true,
      "legendary_origins:profession/enchanting/transmute/smite": true,
      "legendary_origins:profession/enchanting/transmute/soul_speed": true,
      "legendary_origins:profession/enchanting/transmute/sweeping": true,
      "legendary_origins:profession/enchanting/transmute/swift_sneak": true,
      "legendary_origins:profession/enchanting/transmute/thorns": true,
      "legendary_origins:profession/enchanting/transmute/unbreaking": true,
      "legendary_origins:profession/enchanting/transmute/bane_of_arthropods": true,
      "legendary_origins:profession/enchanting/transmute/finish": true,
      "legendary_origins:profession/enchanting/extract/bane_of_arthropods": true,
      "legendary_origins:profession/enchanting/extract/mending": true,
      "legendary_origins:profession/enchanting/extract/aqua_affinity": true,
      "legendary_origins:profession/enchanting/extract/binding_curse": true,
      "legendary_origins:profession/enchanting/extract/blast_protection": true,
      "legendary_origins:profession/enchanting/extract/channeling": true,
      "legendary_origins:profession/enchanting/extract/depth_strider": true,
      "legendary_origins:profession/enchanting/extract/efficiency": true,
      "legendary_origins:profession/enchanting/extract/feather_falling": true,
      "legendary_origins:profession/enchanting/extract/fire_aspect": true,
      "legendary_origins:profession/enchanting/extract/fire_protection": true,
      "legendary_origins:profession/enchanting/extract/flame": true,
      "legendary_origins:profession/enchanting/extract/fortune": true,
      "legendary_origins:profession/enchanting/extract/frost_walker": true,
      "legendary_origins:profession/enchanting/extract/impaling": true,
      "legendary_origins:profession/enchanting/extract/infinity": true,
      "legendary_origins:profession/enchanting/extract/knockback": true,
      "legendary_origins:profession/enchanting/extract/looting": true,
      "legendary_origins:profession/enchanting/extract/loyalty": true,
      "legendary_origins:profession/enchanting/extract/luck_of_the_sea": true,
      "legendary_origins:profession/enchanting/extract/lure": true,
      "legendary_origins:profession/enchanting/extract/multishot": true,
      "legendary_origins:profession/enchanting/extract/piercing": true,
      "legendary_origins:profession/enchanting/extract/power": true,
      "legendary_origins:profession/enchanting/extract/projectile_protection": true,
      "legendary_origins:profession/enchanting/extract/protection": true,
      "legendary_origins:profession/enchanting/extract/punch": true,
      "legendary_origins:profession/enchanting/extract/quick_charge": true,
      "legendary_origins:profession/enchanting/extract/respiration": true,
      "legendary_origins:profession/enchanting/extract/riptide": true,
      "legendary_origins:profession/enchanting/extract/sharpness": true,
      "legendary_origins:profession/enchanting/extract/silk_touch": true,
      "legendary_origins:profession/enchanting/extract/smite": true,
      "legendary_origins:profession/enchanting/extract/soul_speed": true,
      "legendary_origins:profession/enchanting/extract/sweeping": true,
      "legendary_origins:profession/enchanting/extract/swift_sneak": true,
      "legendary_origins:profession/enchanting/extract/thorns": true,
      "legendary_origins:profession/enchanting/extract/unbreaking": true,
      "legendary_origins:profession/enchanting/extract/vanishing_curse": true,
      "legendary_origins:profession/enchanting/extract/finish": true,
      "legendary_origins:profession/enchanting/overenchant/bane_of_arthropods": true,
      "legendary_origins:profession/enchanting/overenchant/finish": true,
      "legendary_origins:profession/enchanting/overenchant/blast_protection": true,
      "legendary_origins:profession/enchanting/overenchant/depth_strider": true,
      "legendary_origins:profession/enchanting/overenchant/efficiency": true,
      "legendary_origins:profession/enchanting/overenchant/feather_falling": true,
      "legendary_origins:profession/enchanting/overenchant/fire_aspect": true,
      "legendary_origins:profession/enchanting/overenchant/fire_protection": true,
      "legendary_origins:profession/enchanting/overenchant/fortune": true,
      "legendary_origins:profession/enchanting/overenchant/frost_walker": true,
      "legendary_origins:profession/enchanting/overenchant/impaling": true,
      "legendary_origins:profession/enchanting/overenchant/knockback": true,
      "legendary_origins:profession/enchanting/overenchant/looting": true,
      "legendary_origins:profession/enchanting/overenchant/loyalty": true,
      "legendary_origins:profession/enchanting/overenchant/luck_of_the_sea": true,
      "legendary_origins:profession/enchanting/overenchant/lure": true,
      "legendary_origins:profession/enchanting/overenchant/piercing": true,
      "legendary_origins:profession/enchanting/overenchant/power": true,
      "legendary_origins:profession/enchanting/overenchant/projectile_protection": true,
      "legendary_origins:profession/enchanting/overenchant/protection": true,
      "legendary_origins:profession/enchanting/overenchant/punch": true,
      "legendary_origins:profession/enchanting/overenchant/quick_charge": true,
      "legendary_origins:profession/enchanting/overenchant/respiration": true,
      "legendary_origins:profession/enchanting/overenchant/riptide": true,
      "legendary_origins:profession/enchanting/overenchant/sharpness": true,
      "legendary_origins:profession/enchanting/overenchant/smite": true,
      "legendary_origins:profession/enchanting/overenchant/soul_speed": true,
      "legendary_origins:profession/enchanting/overenchant/sweeping": true,
      "legendary_origins:profession/enchanting/overenchant/swift_sneak": true,
      "legendary_origins:profession/enchanting/overenchant/thorns": true,
      "legendary_origins:profession/enchanting/overenchant/unbreaking": true,
      "legendary_origins:profession/enchanting/enchant/bane_of_arthropods": true,
      "legendary_origins:profession/enchanting/enchant/finish": true,
      "legendary_origins:profession/enchanting/enchant/aqua_affinity": true,
      "legendary_origins:profession/enchanting/enchant/blast_protection": true,
      "legendary_origins:profession/enchanting/enchant/binding_curse": true,
      "legendary_origins:profession/enchanting/enchant/vanishing_curse": true,
      "legendary_origins:profession/enchanting/enchant/channeling": true,
      "legendary_origins:profession/enchanting/enchant/depth_strider": true,
      "legendary_origins:profession/enchanting/enchant/efficiency": true,
      "legendary_origins:profession/enchanting/enchant/feather_falling": true,
      "legendary_origins:profession/enchanting/enchant/fire_aspect": true,
      "legendary_origins:profession/enchanting/enchant/fire_protection": true,
      "legendary_origins:profession/enchanting/enchant/flame": true,
      "legendary_origins:profession/enchanting/enchant/fortune": true,
      "legendary_origins:profession/enchanting/enchant/frost_walker": true,
      "legendary_origins:profession/enchanting/enchant/impaling": true,
      "legendary_origins:profession/enchanting/enchant/infinity": true,
      "legendary_origins:profession/enchanting/enchant/knockback": true,
      "legendary_origins:profession/enchanting/enchant/looting": true,
      "legendary_origins:profession/enchanting/enchant/loyalty": true,
      "legendary_origins:profession/enchanting/enchant/luck_of_the_sea": true,
      "legendary_origins:profession/enchanting/enchant/lure": true,
      "legendary_origins:profession/enchanting/enchant/mending": true,
      "legendary_origins:profession/enchanting/enchant/multishot": true,
      "legendary_origins:profession/enchanting/enchant/piercing": true,
      "legendary_origins:profession/enchanting/enchant/power": true,
      "legendary_origins:profession/enchanting/enchant/projectile_protection": true,
      "legendary_origins:profession/enchanting/enchant/protection": true,
      "legendary_origins:profession/enchanting/enchant/punch": true,
      "legendary_origins:profession/enchanting/enchant/quick_charge": true,
      "legendary_origins:profession/enchanting/enchant/respiration": true,
      "legendary_origins:profession/enchanting/enchant/riptide": true,
      "legendary_origins:profession/enchanting/enchant/sharpness": true,
      "legendary_origins:profession/enchanting/enchant/silk_touch": true,
      "legendary_origins:profession/enchanting/enchant/smite": true,
      "legendary_origins:profession/enchanting/enchant/soul_speed": true,
      "legendary_origins:profession/enchanting/enchant/sweeping": true,
      "legendary_origins:profession/enchanting/enchant/swift_sneak": true,
      "legendary_origins:profession/enchanting/enchant/thorns": true,
      "legendary_origins:profession/enchanting/enchant/unbreaking": true
    },
    "digs_dnd_origins:variant_human/feats/skulker": {
      "enabled": true,
      "digs_dnd_origins:variant_human/feats/skulker": true
    },
    "origins:avian": {
      "enabled": true,
      "origins:slow_falling": true,
      "origins:fresh_air": true,
      "origins:like_air": true,
      "origins:tailwind": true,
      "origins:lay_eggs": true,
      "origins:vegetarian": true
    },
    "digs_dnd_origins:elf/cantrips/ray_of_frost": {
      "enabled": true,
      "digs_dnd_origins:elf/high/cantrips/ray_of_frost": true
    },
    "digs_dnd_origins:variant_human/feats/heavily_armored": {
      "enabled": true,
      "digs_dnd_origins:variant_human/feats/heavily_armored": true
    },
    "legendary_origins:class/druid": {
      "enabled": true,
      "legendary_origins:class/druid/core/global_resource": true,
      "legendary_origins:class/druid/core/global_state": true,
      "legendary_origins:class/druid/core/reset_all": true,
      "legendary_origins:class/druid/eagle_aspect/power": true,
      "legendary_origins:class/druid/eagle_aspect/go_up": true,
      "legendary_origins:class/druid/eagle_aspect/countdown": true,
      "legendary_origins:class/druid/eagle_aspect/death": true,
      "legendary_origins:class/druid/eagle_aspect/detect": true,
      "legendary_origins:class/druid/eagle_aspect/diet": true,
      "legendary_origins:class/druid/eagle_aspect/fall": true,
      "legendary_origins:class/druid/eagle_aspect/hunger": true,
      "legendary_origins:class/druid/eagle_aspect/resource": true,
      "legendary_origins:class/druid/eagle_aspect/speed": true,
      "legendary_origins:class/druid/eagle_aspect/state": true,
      "legendary_origins:class/druid/eagle_aspect/vision": true,
      "legendary_origins:class/druid/eagle_aspect/wings": true,
      "legendary_origins:class/druid/dolphin_aspect/power": true,
      "legendary_origins:class/druid/dolphin_aspect/air": true,
      "legendary_origins:class/druid/dolphin_aspect/countdown": true,
      "legendary_origins:class/druid/dolphin_aspect/damage": true,
      "legendary_origins:class/druid/dolphin_aspect/death": true,
      "legendary_origins:class/druid/dolphin_aspect/diet": true,
      "legendary_origins:class/druid/dolphin_aspect/grace": true,
      "legendary_origins:class/druid/dolphin_aspect/hunger": true,
      "legendary_origins:class/druid/dolphin_aspect/hunt": true,
      "legendary_origins:class/druid/dolphin_aspect/outside_water": true,
      "legendary_origins:class/druid/dolphin_aspect/resource": true,
      "legendary_origins:class/druid/dolphin_aspect/state": true,
      "legendary_origins:class/druid/dolphin_aspect/vision": true,
      "legendary_origins:class/druid/wolf_aspect/power": true,
      "legendary_origins:class/druid/wolf_aspect/countdown": true,
      "legendary_origins:class/druid/wolf_aspect/damage": true,
      "legendary_origins:class/druid/wolf_aspect/death": true,
      "legendary_origins:class/druid/wolf_aspect/diet": true,
      "legendary_origins:class/druid/wolf_aspect/hunger": true,
      "legendary_origins:class/druid/wolf_aspect/pets": true,
      "legendary_origins:class/druid/wolf_aspect/resource": true,
      "legendary_origins:class/druid/wolf_aspect/speed": true,
      "legendary_origins:class/druid/wolf_aspect/state": true,
      "legendary_origins:class/druid/wolf_aspect/vision": true,
      "legendary_origins:class/druid/mole_aspect/power": true,
      "legendary_origins:class/druid/mole_aspect/blindness": true,
      "legendary_origins:class/druid/mole_aspect/climb": true,
      "legendary_origins:class/druid/mole_aspect/countdown": true,
      "legendary_origins:class/druid/mole_aspect/death": true,
      "legendary_origins:class/druid/mole_aspect/detect": true,
      "legendary_origins:class/druid/mole_aspect/diet": true,
      "legendary_origins:class/druid/mole_aspect/digging": true,
      "legendary_origins:class/druid/mole_aspect/get_blocks": true,
      "legendary_origins:class/druid/mole_aspect/get_ores_speed": true,
      "legendary_origins:class/druid/mole_aspect/hunger": true,
      "legendary_origins:class/druid/mole_aspect/immunity": true,
      "legendary_origins:class/druid/mole_aspect/metals_loot": true,
      "legendary_origins:class/druid/mole_aspect/mining": true,
      "legendary_origins:class/druid/mole_aspect/no_sprint": true,
      "legendary_origins:class/druid/mole_aspect/resource": true,
      "legendary_origins:class/druid/mole_aspect/state": true,
      "legendary_origins:class/druid/mole_aspect/vision": true,
      "legendary_origins:class/druid/core/cancel_all": true
    },
    "digs_dnd_origins:half-elf/skills/sleight_of_hand": {
      "enabled": true,
      "digs_dnd_origins:half-elf/skills/sleight_of_hand": true
    },
    "digs_dnd_origins:dragonborn/blue": {
      "enabled": true,
      "digs_dnd_origins:dragonborn/blue/ability_score_increase": true,
      "digs_dnd_origins:dragonborn/blue/size": true,
      "digs_dnd_origins:dragonborn/blue/breath_weapon": true,
      "digs_dnd_origins:dragonborn/blue/damage_resistance": true,
      "digs_dnd_origins:dragonborn/blue/arid_habitat": true,
      "digs_dnd_origins:dragonborn/blue/scales": true,
      "origins:more_exhaustion": true
    },
    "digs_dnd_origins:variant_human/feats/mobile": {
      "enabled": true,
      "digs_dnd_origins:variant_human/feats/mobile": true
    },
    "legendary_origins:profession/farming": {
      "enabled": true,
      "legendary_origins:profession/farming/bonemeal": true,
      "legendary_origins:profession/farming/livestock": true
    },
    "digs_dnd_origins:dragonborn/black": {
      "enabled": true,
      "digs_dnd_origins:dragonborn/black/ability_score_increase": true,
      "digs_dnd_origins:dragonborn/black/size": true,
      "digs_dnd_origins:dragonborn/black/breath_weapon": true,
      "digs_dnd_origins:dragonborn/black/damage_resistance": true,
      "digs_dnd_origins:dragonborn/black/humid_habitat": true,
      "digs_dnd_origins:dragonborn/black/scales": true,
      "origins:more_exhaustion": true
    },
    "digs_dnd_origins:gnome": {
      "enabled": true,
      "digs_dnd_origins:gnome/description_deep": true,
      "digs_dnd_origins:gnome/description_forest": true,
      "digs_dnd_origins:gnome/description_rock": true
    },
    "digs_dnd_origins:dwarf/hill": {
      "enabled": true,
      "digs_dnd_origins:dwarf/hill/size": true,
      "digs_dnd_origins:dwarf/hill/speed": true,
      "digs_dnd_origins:dwarf/hill/darkvision": true,
      "digs_dnd_origins:dwarf/hill/dwarven_resilience": true,
      "digs_dnd_origins:dwarf/hill/dwarven_combat_training": true,
      "digs_dnd_origins:dwarf/hill/dwarven_toughness": true,
      "digs_dnd_origins:dwarf/hill/tool_proficiency": true
    },
    "origins:human": {
      "enabled": true
    },
    "digs_dnd_origins:variant_human/feats/lightly_armored": {
      "enabled": true,
      "digs_dnd_origins:variant_human/feats/lightly_armored": true
    },
    "legendary_origins:class/warrior": {
      "enabled": true,
      "legendary_origins:class/warrior/starting_equippment": true,
      "legendary_origins:class/warrior/shield": true,
      "legendary_origins:class/warrior/knockback": true,
      "legendary_origins:class/warrior/rage/add": true,
      "legendary_origins:class/warrior/rage/attack_speed": true,
      "legendary_origins:class/warrior/rage/consume": true,
      "legendary_origins:class/warrior/rage/damage": true,
      "legendary_origins:class/warrior/rage/hit_effect": true,
      "legendary_origins:class/warrior/rage/power": true,
      "legendary_origins:class/warrior/rage/resource": true,
      "legendary_origins:class/warrior/rage/speed": true,
      "legendary_origins:class/warrior/rage/state": true,
      "legendary_origins:class/warrior/tank/add": true,
      "legendary_origins:class/warrior/tank/consume": true,
      "legendary_origins:class/warrior/tank/invulnerable": true,
      "legendary_origins:class/warrior/tank/power": true,
      "legendary_origins:class/warrior/tank/resource": true,
      "legendary_origins:class/warrior/tank/shield_dash": true,
      "legendary_origins:class/warrior/tank/state": true
    },
    "legendary_origins:race/orc": {
      "enabled": true,
      "legendary_origins:race/orc/starting_equipment": true,
      "legendary_origins:race/orc/axe": true,
      "legendary_origins:race/orc/extra_base_damage": true,
      "legendary_origins:race/orc/knockback_resistance": true,
      "legendary_origins:race/orc/size": true
    },
    "digs_dnd_origins:gnome/deep": {
      "enabled": true,
      "digs_dnd_origins:gnome/deep/size": true,
      "digs_dnd_origins:gnome/deep/speed": true,
      "digs_dnd_origins:gnome/deep/superior_darkvision": true,
      "digs_dnd_origins:gnome/deep/stone_camouflage": true
    },
    "digs_dnd_origins:halfling/stout": {
      "enabled": true,
      "digs_dnd_origins:halfling/stout/size": true,
      "digs_dnd_origins:halfling/stout/speed": true,
      "digs_dnd_origins:halfling/stout/lucky": true,
      "digs_dnd_origins:halfling/stout/halfling_nimbleness": true,
      "digs_dnd_origins:halfling/stout/stout_resilience": true
    },
    "digs_dnd_origins:elf/cantrips/poison_spray": {
      "enabled": true,
      "digs_dnd_origins:elf/high/cantrips/poison_spray": true
    },
    "legendary_origins:class/magician": {
      "enabled": true,
      "legendary_origins:class/magician/magic_power": true,
      "legendary_origins:class/magician/regen_potions": true,
      "legendary_origins:class/magician/combat_mode": true,
      "legendary_origins:class/magician/fireball": true,
      "legendary_origins:class/magician/arcane_shot": true,
      "legendary_origins:class/magician/lightning": true,
      "legendary_origins:class/magician/fire_shield": true,
      "legendary_origins:class/magician/ice_shield": true,
      "legendary_origins:class/magician/lightning_shield": true,
      "legendary_origins:class/magician/lava_trap": true,
      "legendary_origins:class/magician/ice_trap": true,
      "legendary_origins:class/magician/healing": true,
      "legendary_origins:class/magician/death": true
    },
    "origins:shulk": {
      "enabled": true,
      "origins:shulker_inventory": true,
      "origins:natural_armor": true,
      "origins:strong_arms": true,
      "origins:strong_arms_break_speed": true,
      "origins:no_shield": true,
      "origins:more_exhaustion": true
    },
    "digs_dnd_origins:variant_human/feats/tough": {
      "enabled": true,
      "digs_dnd_origins:variant_human/feats/tough": true
    },
    "origins:merling": {
      "enabled": true,
      "origins:water_breathing": true,
      "origins:water_vision": true,
      "origins:aqua_affinity": true,
      "origins:swim_speed": true,
      "origins:like_water": true,
      "origins:aquatic": true,
      "origins:conduit_power_on_land": true,
      "origins:air_from_potions": true
    },
    "origins:arachnid": {
      "enabled": true,
      "origins:climbing": true,
      "origins:master_of_webs": true,
      "origins:carnivore": true,
      "origins:fragile": true,
      "origins:arthropod": true
    },
    "digs_dnd_origins:half-elf/skills/survival": {
      "enabled": true,
      "digs_dnd_origins:half-elf/skills/survival": true
    },
    "digs_dnd_origins:half-orc": {
      "enabled": true,
      "digs_dnd_origins:half-orc/size": true,
      "digs_dnd_origins:half-orc/darkvision": true,
      "digs_dnd_origins:half-orc/menacing": true,
      "digs_dnd_origins:half-orc/relentless_endurance": true,
      "digs_dnd_origins:half-orc/savage_attacks": true,
      "origins:more_exhaustion": true
    },
    "legendary_origins:race/human": {
      "enabled": true,
      "legendary_origins:race/human/adapted": true,
      "legendary_origins:race/human/experienced": true,
      "legendary_origins:race/human/builder": true,
      "legendary_origins:race/human/bribe": true,
      "legendary_origins:race/human/trader": true
    },
    "digs_dnd_origins:halfling": {
      "enabled": true,
      "digs_dnd_origins:halfling/description_lightfoot": true,
      "digs_dnd_origins:halfling/description_stout": true
    },
    "legendary_origins:race/demon": {
      "enabled": true,
      "legendary_origins:race/demon/drain": true,
      "legendary_origins:race/demon/heal": true,
      "legendary_origins:race/demon/immune": true,
      "legendary_origins:race/demon/jump": true,
      "legendary_origins:race/demon/fall_damage": true,
      "legendary_origins:race/demon/fall_ignored": true,
      "legendary_origins:race/demon/fire_resistance": true,
      "legendary_origins:race/demon/diet": true,
      "legendary_origins:race/demon/size": true,
      "legendary_origins:race/demon/souls": true,
      "legendary_origins:race/demon/speed": true,
      "legendary_origins:race/demon/vision": true,
      "legendary_origins:race/demon/wings": true,
      "legendary_origins:race/demon/wings_flap": true,
      "legendary_origins:race/demon/wings_fall": true,
      "legendary_origins:race/demon/ritual/absorb": true,
      "legendary_origins:race/demon/ritual/counter": true,
      "legendary_origins:race/demon/ritual/death": true,
      "legendary_origins:race/demon/ritual/effect_area": true,
      "legendary_origins:race/demon/ritual/freeze": true,
      "legendary_origins:race/demon/ritual/glow": true,
      "legendary_origins:race/demon/ritual/invulnerable": true,
      "legendary_origins:race/demon/ritual/start": true,
      "legendary_origins:race/demon/ritual/state": true,
      "legendary_origins:race/demon/ritual/limiter": true
    },
    "digs_dnd_origins:tiefling": {
      "enabled": true,
      "digs_dnd_origins:tiefling/ability_score_increase": true,
      "digs_dnd_origins:tiefling/darkvision": true,
      "digs_dnd_origins:tiefling/hellish_resistance": true,
      "digs_dnd_origins:tiefling/infernal_legacy": true,
      "digs_dnd_origins:tiefling/hellish_rebuke": true,
      "digs_dnd_origins:tiefling/darkness": true,
      "digs_dnd_origins:tiefling/feared": true,
      "digs_dnd_origins:tiefling/horns": true
    },
    "digs_dnd_origins:elf/cantrips/firebolt": {
      "enabled": true,
      "digs_dnd_origins:elf/high/cantrips/firebolt": true
    },
    "digs_dnd_origins:elf/wood": {
      "enabled": true,
      "digs_dnd_origins:elf/wood/size": true,
      "digs_dnd_origins:elf/wood/darkvision": true,
      "digs_dnd_origins:elf/high/trance": true,
      "digs_dnd_origins:elf/wood/elf_weapon_training": true,
      "digs_dnd_origins:elf/wood/fleet_of_foot": true,
      "digs_dnd_origins:elf/wood/mask_of_the_wild": true
    }
  }
}